<?xml version="1.0" encoding="UTF-8"?>
<project-private xmlns="http://www.netbeans.org/ns/project-private/1">
    <editor-bookmarks xmlns="http://www.netbeans.org/ns/editor-bookmarks/2" lastBookmarkId="0"/>
    <open-files xmlns="http://www.netbeans.org/ns/projectui-open-files/2">
        <group>
            <file>file:/C:/Users/Charis%20Lei/Downloads/project-atin/1DCondoManagementSystem/src/GUI/EditDescription.java</file>
            <file>file:/C:/Users/Charis%20Lei/Downloads/project-atin/1DCondoManagementSystem/src/GUI/Register.java</file>
            <file>file:/C:/Users/Charis%20Lei/Downloads/project-atin/1DCondoManagementSystem/src/GUI/CMS.java</file>
            <file>file:/C:/Users/Charis%20Lei/Downloads/project-atin/1DCondoManagementSystem/src/GUI/GenerateReport.java</file>
            <file>file:/C:/Users/Charis%20Lei/Downloads/project-atin/1DCondoManagementSystem/src/GUI/Login.java</file>
            <file>file:/C:/Users/Charis%20Lei/Downloads/project-atin/1DCondoManagementSystem/src/GUI/EditDetails.java</file>
        </group>
    </open-files>
</project-private>
